{
  "component": "engine.ask.AskOmniAnswerService + engine.index.HybridRrfRetriever (real)",
  "synthesis": "scripted (deterministic) \u2014 emits one valid marker [1] and one hallucinated dangling marker [999] per answer; real synthesis latency is provider-bound and measured in the live bounded router sample.",
  "citation_exactness": {
    "answers_evaluated": 55,
    "no_answer_honest_refusals": 0,
    "all_citations_exact": 55,
    "exactness_rate": 1.0,
    "dangling_markers_injected": 55,
    "dangling_markers_survived": 0,
    "valid_marker_preserved": 55
  },
  "ask_pipeline_latency_ms": {
    "note": "full service.answer() wall time with instant scripted synthesis \u2014 so this is the retrieval-dominated floor, not end-to-end with a real provider.",
    "n_measurements": 825,
    "mean": 3.4785556360006784,
    "ci95_low": 3.3669986694373866,
    "ci95_high": 3.6185025442109415,
    "p50": 3.2851999858394265,
    "p95": 5.11279993224889,
    "p99": 7.579400087706745,
    "raw_ms": [
      3.9595,
      4.1785,
      4.366,
      2.9999,
      2.8795,
      3.9338,
      3.0107,
      2.4932,
      2.5588,
      2.7942,
      3.5312,
      3.1657,
      3.5007,
      3.2979,
      4.6877,
      2.8615,
      2.6973,
      2.7229,
      2.5747,
      3.1863,
      3.2911,
      3.3236,
      3.1763,
      3.503,
      3.5832,
      3.4665,
      3.4775,
      3.8298,
      3.6552,
      3.4689,
      3.4554,
      2.1769,
      2.0371,
      3.8242,
      3.3004,
      2.5553,
      2.5881,
      3.303,
      3.8604,
      5.0391,
      4.1114,
      2.7015,
      2.7296,
      3.3917,
      2.3178,
      2.7607,
      3.3638,
      2.0489,
      3.5997,
      3.8104,
      3.0157,
      3.2155,
      5.1227,
      2.9046,
      1.8565,
      3.4137,
      3.0813,
      3.0879,
      3.0202,
      2.6523,
      3.2345,
      2.3057,
      2.0763,
      2.3031,
      2.5851,
      3.8623,
      2.9529,
      3.556,
      3.429,
      1.9357,
      2.734,
      2.9602,
      2.8275,
      3.1018,
      3.1193,
      3.506,
      3.1623,
      2.3543,
      2.665,
      4.9917,
      3.2137,
      3.4868,
      2.9375,
      4.0629,
      3.3948,
      3.3595,
      3.3356,
      2.8895,
      3.4902,
      4.9561,
      3.8404,
      3.9789,
      3.3439,
      3.1024,
      3.1852,
      2.7629,
      2.6286,
      2.9566,
      2.3314,
      2.9101,
      2.0125,
      2.177,
      2.6004,
      3.4227,
      3.4288,
      2.9138,
      3.1641,
      2.7371,
      3.6006,
      3.4789,
      2.9402,
      2.7217,
      2.3444,
      3.5115,
      3.6736,
      3.4703,
      3.7788,
      4.5555,
      5.0553,
      3.8393,
      3.7958,
      3.9115,
      4.8818,
      4.0936,
      3.0897,
      4.1792,
      3.2395,
      3.6483,
      3.0072,
      4.5683,
      4.1625,
      4.2546,
      2.0335,
      2.7473,
      3.7008,
      3.3299,
      3.9213,
      2.9597,
      3.2657,
      3.0327,
      3.1261,
      3.6677,
      3.4056,
      3.4687,
      3.8096,
      3.1063,
      2.7411,
      6.6152,
      2.7342,
      3.457,
      3.315,
      4.4141,
      3.8422,
      2.9233,
      2.5206,
      2.4187,
      3.2071,
      3.3887,
      2.6216,
      2.1952,
      2.503,
      3.0729,
      3.3559,
      4.6009,
      3.3996,
      3.6748,
      4.5559,
      3.8298,
      3.6151,
      3.1025,
      2.5884,
      3.4528,
      2.5339,
      3.0549,
      3.1266,
      4.2923,
      3.552,
      3.3219,
      6.6205,
      2.6053,
      3.6499,
      3.4506,
      2.8966,
      3.1817,
      3.768,
      3.4561,
      3.3125,
      3.8028,
      3.9367,
      3.411,
      3.7099,
      3.1051,
      3.783,
      2.8559,
      3.5164,
      3.004,
      3.8081,
      3.0641,
      3.5603,
      6.014,
      8.3501,
      5.2434,
      4.7002,
      5.9851,
      4.2328,
      3.4296,
      2.7893,
      3.0803,
      3.2967,
      3.2385,
      2.6202,
      2.2851,
      3.7362,
      3.2324,
      1.939,
      1.9707,
      1.9188,
      1.7703,
      1.9835,
      2.7628,
      3.5738,
      3.4775,
      2.8735,
      3.9445,
      3.4535,
      2.9557,
      3.1726,
      2.8932,
      3.072,
      2.61,
      3.4594,
      2.5029,
      3.0461,
      3.6573,
      2.9098,
      2.4907,
      2.5471,
      3.651,
      6.6676,
      4.1773,
      2.6374,
      2.8533,
      2.6421,
      2.5526,
      2.6477,
      2.4622,
      4.6806,
      4.232,
      3.7219,
      3.6807,
      3.7453,
      2.6943,
      2.4851,
      3.5802,
      3.1308,
      2.243,
      3.3792,
      3.0813,
      2.7126,
      2.6829,
      2.767,
      3.2774,
      2.2703,
      2.8366,
      3.2552,
      3.052,
      3.7117,
      2.9219,
      3.5284,
      2.5721,
      2.8168,
      3.1142,
      2.4118,
      3.1935,
      2.499,
      2.6586,
      2.5758,
      2.6957,
      2.3495,
      3.352,
      2.3814,
      1.7238,
      2.6194,
      2.5053,
      2.0552,
      2.2801,
      2.4184,
      2.2232,
      2.2555,
      2.1968,
      4.5667,
      4.9884,
      5.0655,
      4.8714,
      2.7827,
      1.9408,
      3.5001,
      3.1747,
      4.0978,
      3.262,
      2.6585,
      2.6268,
      3.3299,
      2.9143,
      3.0385,
      3.0469,
      2.7685,
      2.9528,
      3.0999,
      2.194,
      1.9685,
      2.0163,
      1.9526,
      2.4535,
      2.5968,
      2.282,
      2.4455,
      2.3469,
      2.4884,
      3.1904,
      3.128,
      3.3064,
      3.9615,
      2.8826,
      3.1515,
      4.4804,
      2.8773,
      2.5744,
      2.6011,
      1.8639,
      2.5958,
      2.594,
      2.0274,
      2.2946,
      1.7908,
      2.6981,
      3.1897,
      2.5367,
      3.5867,
      2.5139,
      3.1011,
      2.7792,
      3.3973,
      2.1921,
      2.6568,
      2.403,
      2.0581,
      2.2405,
      2.2775,
      2.391,
      2.4795,
      2.5598,
      2.3849,
      2.7087,
      3.1099,
      2.5081,
      2.7377,
      2.4253,
      2.6614,
      2.7685,
      2.6218,
      2.2207,
      2.4377,
      2.6113,
      2.822,
      2.0848,
      2.5792,
      3.7234,
      3.8359,
      3.5106,
      2.2997,
      2.428,
      2.3158,
      2.7761,
      2.2182,
      2.002,
      2.5507,
      2.827,
      3.9277,
      3.0046,
      3.3156,
      2.1421,
      2.3785,
      3.5844,
      2.4637,
      2.3614,
      2.1116,
      2.0205,
      3.249,
      2.0819,
      2.1798,
      2.4338,
      3.814,
      2.1118,
      2.132,
      3.7852,
      2.5516,
      2.2102,
      1.9744,
      2.1751,
      2.6669,
      2.8276,
      2.3851,
      2.1777,
      2.1664,
      2.6383,
      2.1643,
      2.4454,
      3.1226,
      2.697,
      2.0341,
      2.3259,
      2.7061,
      2.3226,
      5.2284,
      3.1693,
      2.7711,
      2.5315,
      3.8072,
      3.1598,
      3.0624,
      2.6585,
      2.2807,
      3.3687,
      3.0507,
      3.0186,
      2.2683,
      2.3798,
      1.8285,
      2.6573,
      2.5323,
      2.3102,
      3.6055,
      2.8308,
      2.9503,
      2.3268,
      2.7232,
      2.4212,
      1.9143,
      1.4878,
      1.9871,
      1.9953,
      3.7655,
      3.1107,
      3.2934,
      3.5948,
      3.9835,
      5.1128,
      3.6176,
      2.7155,
      3.0362,
      3.3667,
      3.787,
      3.3782,
      2.7411,
      5.2153,
      4.6061,
      3.1964,
      3.0311,
      3.8609,
      3.1193,
      2.3422,
      2.735,
      2.4244,
      2.935,
      2.8486,
      2.6024,
      2.1539,
      2.4064,
      2.2278,
      2.3381,
      2.5272,
      2.8119,
      2.6077,
      2.1153,
      2.4215,
      2.8786,
      3.2007,
      2.3467,
      2.8407,
      3.1284,
      2.4974,
      3.1875,
      2.7259,
      2.8085,
      2.5854,
      2.3457,
      2.5352,
      3.9656,
      3.6076,
      3.1165,
      3.2673,
      2.8405,
      3.5122,
      2.6029,
      2.8329,
      2.8717,
      2.8601,
      2.7056,
      2.2611,
      2.616,
      2.8679,
